﻿<?xml version="1.0" encoding="UTF-8"?>

<Window size="400,620" caption="0,0,0,36" roundcorner="10,10" >
  <Font name="微软雅黑" size="18"  default="true" />
  <Font name="幼圆" size="18" />
  <Font name="微软雅黑" size="14" />
  <Include source="styles.xml" />

  <Class name="Title" bkimage="file='Common/Button.png' corner='5,11,5,11' source='0,24,96,48'" />
  <Class name="LabelTitle" class="Title"  borderround="4,4" />
  <Class name="ListLabelElement" />
  <Class name="Background" bkcolor="#FFFAFCFC" />
  <Class name="TabSelect" font="0"
		textcolor="#000000" selectedtextcolor="#FFFFFF" hottextcolor="#000000" focusedtextcolor="#000000" pushedtextcolor="#77A8DE" selectedpushedtextcolor="#77A8DE"
		normalimage         = "file='Common/Button.png' corner='5,11,5,11' source='0, 0,96,24'"
		selectedimage       = "file='Common/Button.png' corner='5,11,5,11' source='0,24,96,48'"
		hotimage            = "file='Common/Button.png' corner='5,11,5,11' source='0,72,96,96'"
		pushedimage         = "file='Common/Button.png' corner='5,11,5,11' source='0,48,96,72'"
    selectedpushedimage = "file='Common/Button.png' corner='5,11,5,11' source='0,48,96,72'"
		disabledimage       = "file='Common/Button.png' corner='5,11,5,11' source='0,72,96,96'"
	/>

  <VerticalLayout class="Title" inset="0,0,0,0" >
    <Label text="配置程序" height="36" align="center" />
    <HorizontalLayout>
      <VerticalLayout bkcolor="#FFEAECEC" width="106" inset="6,4,0,4">
        <Control height="16" />
        <RadioButton name="tab_0" group="TabSelect" text="地图编译"   textpadding="-6,0,0,0" borderround="6,6" class="TabSelect" width="106" height="36" selected="true" />
        <Control height="1" />
        <RadioButton name="tab_1" group="TabSelect" text="测试"       textpadding="-6,0,0,0" borderround="6,6" class="TabSelect" width="106" height="36" />
        <Control height="1" />
        <RadioButton name="tab_2" group="TabSelect" text="局域网测试" textpadding="-6,0,0,0" borderround="6,6" class="TabSelect" width="106" height="36" />
        <Control height="1" />
        <RadioButton name="tab_3" group="TabSelect" text="编辑器插件" textpadding="-6,0,0,0" borderround="6,6" class="TabSelect" width="106" height="36" />
        <Control height="1" />
        <RadioButton name="tab_4" group="TabSelect" text="魔兽插件"   textpadding="-6,0,0,0" borderround="6,6" class="TabSelect" width="106" height="36" />
        <Control height="1" />
        <RadioButton name="tab_5" group="TabSelect" text="系统关联"   textpadding="-6,0,0,0" borderround="6,6" class="TabSelect" width="106" height="36" />
        <Control height="1" />
        <RadioButton name="tab_6" group="TabSelect" text="虚拟MPQ"   textpadding="-6,0,0,0" borderround="6,6" class="TabSelect" width="106" height="36" />
      </VerticalLayout>
      <TabLayout name="tabs" >
        <VerticalLayout class="Background" inset="2,18,2,18" >
          <VerticalLayout height="140" >
            <Label text="地图版本" tooltip= "地图兼容性选项。" class="LabelTitle" />
            <VerticalLayout class="Background" inset="10,6,10,6" >
              <RadioButton class="NormalRadioButton" text="默认（按照魔兽版本）"   width="200" group="MapSave" name="MapSave_0" tooltip="生成当前魔兽可运行的版本。" />
              <RadioButton class="NormalRadioButton" text="只保存为旧版本（1.20）" width="200" group="MapSave" name="MapSave_1" tooltip="保存为适用于魔兽1.24补丁以前的版本。" />
              <RadioButton class="NormalRadioButton" text="只保存为新版本（1.24）" width="200" group="MapSave" name="MapSave_2" tooltip="保存为适用于魔兽1.24补丁以及以后的版本。" />
              <RadioButton class="NormalRadioButton" text="同时保存双份"           width="200" group="MapSave" name="MapSave_3" tooltip="同时保存为新旧两个版本。和当前魔兽版本不同的版本会以不同的文件名保存。" />
            </VerticalLayout>
          </VerticalLayout>
          <Control height="12" />
          <VerticalLayout height="80" >
            <Label text="代码注入" tooltip="向地图中注入代码的方式。" class="LabelTitle" />
            <VerticalLayout class="Background" inset="10,6,10,6" >
              <RadioButton class="NormalRadioButton" text="智能判断注入代码" width="200" group="ScriptInjection" name="ScriptInjection_0" tooltip="根据实际用到的功能，智能判断需要注入的代码。" />
              <RadioButton class="NormalRadioButton" text="不自动注入代码"   width="200" group="ScriptInjection" name="ScriptInjection_1" tooltip="不会自动注入代码。 请用#include &quot;jass文件名&quot; 的方式来手动注入。" />
            </VerticalLayout>
          </VerticalLayout>
          <Control height="12" />
          <VerticalLayout height="170" >
            <Label text="脚本编译器" tooltip="有关JassHelper、Cjass编译器的选项。" class="LabelTitle" />
            <VerticalLayout class="Background" inset="10,6,10,6"  >
              <CheckBox text="启用JassHelper编译器" width="200" name="EnableJassHelper" tooltip="启用JassHelper编译器。JassHelper编译器是WE功能的基础，如果去掉，将不能使用任何WE特有的触发动作。除非你是纯Jass地图编写者并且不喜欢vJass，否则请选择此项。" />
              <CheckBox text="启用JassHelper兼容模式" width="200" name="EnableJassHelperScriptOnly" tooltip="如果地图保存时，JassHelper出错可以尝试启用此模式。" />
              <CheckBox text="启用脚本优化"         width="200" name="EnableJassHelperOptimization" tooltip="目前支持函数的内联。" />
              <CheckBox text="启用CJass编译器"      width="200" name="EnableCJass" tooltip="启用CJass编译器。开启此项，将会自动把智能导入、预处理器和逆天触发器插件关闭。" />
              <CheckBox text="地图调试模式"         width="200" name="EnableJassHelperDebug" tooltip="打开地图的调试模式。影响到debug关键字和代码优化。" />
            </VerticalLayout>
          </VerticalLayout>
          <Control height="12" />
          <VerticalLayout height="80" >
            <Label text="语法检查器" tooltip="有关PJass的选项。" class="LabelTitle" />
            <HorizontalLayout height="40" inset="10,6,10,6" >
              <RadioButton class="NormalRadioButton" text="最新" width="80" group="PJass" name="PJass_0" tooltip="" />
              <RadioButton class="NormalRadioButton" text="经典" width="80" group="PJass" name="PJass_1" tooltip="" />
            </HorizontalLayout>
          </VerticalLayout>
        </VerticalLayout>
        <VerticalLayout class="Background" inset="2,18,2,18" >
          <VerticalLayout height="200" >
            <Label text="常规选项" tooltip="有关测试地图时魔兽的一些调整选项。" class="LabelTitle" />
            <VerticalLayout class="Background" inset="10,6,10,6" >
              <CheckBox text="窗口化运行魔兽"     width="200" name="LaunchWindowed" tooltip="使魔兽以窗口化的方式启动。" />
              <HorizontalLayout>
                <Control width="16" />
                <VerticalLayout>
                  <CheckBox text="窗口化全屏"     width="200" name="LaunchFullWindowed"       tooltip="使魔兽以窗口化全屏的方式启动。" />
                  <CheckBox text="锁定鼠标"       width="200" name="LaunchLockingMouse"       tooltip="让鼠标无法移动到窗口外。" />
                  <CheckBox text="固定窗口比例"   width="200" name="LaunchFixedRatioWindowed" tooltip="让窗口保持4：3的比例。" />
                </VerticalLayout>
                </HorizontalLayout>
              <CheckBox text="自适应分辨率" width="200" name="LaunchWideScreenSupport" tooltip="让魔兽自动适应当前分辨率，而不是拉伸。" />
              <CheckBox text="阻止魔兽提升自身的访问限制" width="200" name="LaunchDisableSecurityAccess" tooltip="魔兽会提升自身的访问限制，阻止所有非管理员权限的进程访问它，Vista之后管理员权限需要UAC，很烦人不是吗。" />
            </VerticalLayout>
          </VerticalLayout>
          <VerticalLayout height="60" >
            <Label text="渲染引擎" tooltip="有关测试地图时魔兽的一些调整选项。" class="LabelTitle" />
            <Control height="12" />
            <HorizontalLayout height="30" >
              <Control width="16" />
              <Combo name="LaunchRenderingEngine" itemfont="2" bkcolor="#FFEBEBEB" itembkcolor="#FFFAFCFC" >
                <ListLabelElement text="Direct3D 8" />
                <ListLabelElement text="Direct3D 9" />
                <ListLabelElement text="OpenGL" />
              </Combo>
            </HorizontalLayout>
          </VerticalLayout>
          <Control height="12" />
          <VerticalLayout>
            <Label text="魔兽版本" tooltip="指定测试时的魔兽版本。" class="LabelTitle" />
            <VerticalLayout class="Background" inset="10,6,10,6" >
              <RadioButton class="NormalRadioButton" text="使用默认版本"       width="200" group="War3Patch" name="War3Patch_0" tooltip="使用当前魔兽版本" />
              <RadioButton class="NormalRadioButton" text="和地图版本保持一致" width="200" group="War3Patch" name="War3Patch_1" tooltip="WE将从补丁包目录中选择一个符合地图版本的补丁(如果有的话)" />
              <RadioButton class="NormalRadioButton" text="指定版本"           width="200" group="War3Patch" name="War3Patch_2" tooltip="自行指定加载的补丁包" />
              <HorizontalLayout>
                <Control width="16" />
                <VerticalLayout name ="War3PatchList" enabled="false" vscrollbar="true" height="90" >
                </VerticalLayout>
              </HorizontalLayout>
            </VerticalLayout>
          </VerticalLayout>
        </VerticalLayout>
        <VerticalLayout class="Background" inset="2,24,2,24" >
          <VerticalLayout height="260" >
            <Label text="局域网测试"  tooltip="" class="LabelTitle" />
            <VerticalLayout class="Background" inset="10,6,10,6" >
              <CheckBox text="启用局域网测试"         width="200" name="EnableHost" tooltip="" />
                <VerticalLayout class="Background" inset="10,6,10,6" >
                  <RadioButton class="NormalRadioButton" text="单人模式" width="200" group="HostTest" name="HostTest_0" tooltip="只会启动一个魔兽。" />
                  <RadioButton class="NormalRadioButton" text="多人模式"   width="200" group="HostTest" name="HostTest_1" tooltip="启动和你的地图空位相同数量的魔兽。" />
              </VerticalLayout>
            </VerticalLayout>
          </VerticalLayout>
        </VerticalLayout>
        <VerticalLayout class="Background" inset="2,24,2,24" >
          <VerticalLayout height="260" >
            <Label text="插件选项"  tooltip="一些可能存在兼容性问题的功能的开关。需要重启WE生效。" class="LabelTitle" />
            <VerticalLayout class="Background" inset="10,6,10,6" >
              <CheckBox text="启用颜色插件(*)"         width="200" name="EnableDotNetSupport" tooltip="开启后，物体编辑器中输入字符串时，会加载颜色插件。需要安装了.net此项方能生效。" />
              <CheckBox text="启用语法高亮插件(*)"     width="200" name="EnableTesh" tooltip="启用TESH，如果触发编辑器出现了崩溃等现象，请禁用此项。" />
              <CheckBox text="启用逆天触发器插件(*)"   width="200" name="EnableYDTrigger" tooltip="全面强化触发编辑器的功能。"  />
              <CheckBox text="启用字体插件(*)" tooltip="设置WE的字体" width="200" name="FontEnable" />
              <HorizontalLayout>
                <Control width="20" />
                <Combo name="FontName" dropboxsize="0, 300" itemfont="2" bkcolor="#FFEBEBEB" itembkcolor="#FFFAFCFC" />
                <Control width="20" />
                <Combo name="FontSize" width="60" itemfont="2" bkcolor="#FFEBEBEB" itembkcolor="#FFFAFCFC" >
                  <ListLabelElement text="8" />
                  <ListLabelElement text="9" />
                  <ListLabelElement text="10" />
                  <ListLabelElement text="11" />
                  <ListLabelElement text="12" />
                  <ListLabelElement text="13" />
                  <ListLabelElement text="14" />
                  <ListLabelElement text="15" />
                  <ListLabelElement text="16" />
                  <ListLabelElement text="17" />
                  <ListLabelElement text="18" />
                </Combo>
              </HorizontalLayout>
              <Label name="FontPreview" text="AaBbCc 0123456789 测试" textcolor="#FF000000" align="center" height="80" />
            </VerticalLayout>
          </VerticalLayout>
          <Control height="16" />
          <VerticalLayout height="110" >
            <Label text="功能选项" tooltip= "WE的一些可选功能的开启与关闭。" class="LabelTitle" />
            <VerticalLayout class="Background" inset="10,6,10,0" >
              <CheckBox text="启用自定义物体ID输入"  width="200" name="EnableManualNewId" tooltip="允许在创建物体时输入自定义ID。" />
              <CheckBox text="复制触发自动转码"      width="200" name="EnableTriggerCopyEncodingAutoConversion" tooltip="复制触发器时，去除乱码。" />
              <CheckBox text="显示物体属性内部ID(*)" width="200" name="EnableShowInternalAttributeId" tooltip="显示物体属性的内部ID。" />
            </VerticalLayout>
          </VerticalLayout>
        </VerticalLayout>
        <VerticalLayout class="Background" inset="2,24,2,24" >
          <VerticalLayout height="420" >
            <Label text="插件"  tooltip="选择需要开启的插件。" class="LabelTitle" />
            <VerticalLayout class="Background" inset="10,6,10,6" >
              <HorizontalLayout>
                <Control width="16" />
                <VerticalLayout name ="War3PluginList" enabled="false" vscrollbar="true" height="400" >
                </VerticalLayout>
              </HorizontalLayout>
            </VerticalLayout>
          </VerticalLayout>
        </VerticalLayout>
        <VerticalLayout class="Background" inset="2,24,2,24" vscrollbar="true" >
          <VerticalLayout height="80" >
            <Label text="关联地图文件"  tooltip="勾选后，双击地图就可以用WE打开。" class="LabelTitle" />
            <VerticalLayout class="Background" inset="10,6,10,6" >
              <CheckBox text=".w3x" width="200" name="FileAssociation_w3x" tooltip="冰封王座的地图。" />
              <CheckBox text=".w3m" width="200" name="FileAssociation_w3m" tooltip="混乱之治的地图。" />
            </VerticalLayout>
          </VerticalLayout>
          <Control height="16" />
          <VerticalLayout height="80" >
            <Label text="快捷方式"  tooltip="添加/删除WE的快捷方式。" class="LabelTitle" />
            <VerticalLayout class="Background" inset="10,6,10,6" >
              <CheckBox text="添加到桌面"   width="200" name="Shortcuts_desktop" tooltip="添加WE的快捷方式到桌面。" />
              <CheckBox text="添加到任务栏" width="200" name="Shortcuts_taskbar" tooltip="添加WE的快捷方式到任务栏。" />
            </VerticalLayout>
          </VerticalLayout>
          <Control height="16" />
          <VerticalLayout height="60" >
            <Label text="魔兽路径 (*)"  tooltip="修改魔兽的路径。" class="LabelTitle" />
            <VerticalLayout class="Background" inset="10,6,10,6" >
              <Control height="8" />
              <HorizontalLayout class="Background" childpadding="6" >
                <Button text="修改" width="40" height="20" font="2" name="choose_war3_dir" />
                <Label text="" bkcolor="#FFC8C8C8" textcolor="#FF000000" font="2" name="Warcraft3Directory" />
              </HorizontalLayout>
            </VerticalLayout>
          </VerticalLayout>
          <Control height="16" />
          <VerticalLayout height="80" >
            <Label text="注册表"  tooltip="修改魔兽注册表项。" class="LabelTitle" />
            <VerticalLayout class="Background" inset="10,6,10,6" >
              <CheckBox text="允许魔兽读取本地文件"   width="200" name="AllowLocalFiles" tooltip="开启后，魔兽就可以读取魔兽目录下的文件。" />
            </VerticalLayout>
          </VerticalLayout>
        </VerticalLayout>
        <VerticalLayout class="Background" inset="2,24,2,24" >
          <VerticalLayout height="80" >
            <Label text="路径 (*) [建议与import路径相同]"  tooltip="虚拟MPQ的路径。" class="LabelTitle" />
            <VerticalLayout class="Background" inset="10,6,10,6" >
              <Control height="8" />
              <HorizontalLayout class="Background" childpadding="6" >
                <Button text="修改" width="40" height="20" font="2" name="choose_MPQ_dir" />
                <Label text="" bkcolor="#FFC8C8C8" textcolor="#FF000000" font="2" name="MPQDirectory" />
              </HorizontalLayout>
            </VerticalLayout>
          </VerticalLayout>
        </VerticalLayout>
      </TabLayout>
    </HorizontalLayout>
    <HorizontalLayout class="Background" height="20"   >
      <Label text="注：有(*)的选项需要重启WE才能生效。" textcolor="#FF000000" font="2" />
    </HorizontalLayout>
    <HorizontalLayout class="Background" height="40"  childpadding="20" >
      <Control bkcolor="#000000" width="90" inset="0,0,0,0" />
      <Button text="重置默认" width="90" height="30"  name="reset" />
      <Button text="确定"     width="60"  height="30" name="ok" />
      <Button text="取消"     width="60"  height="30" name="cancel" />
    </HorizontalLayout>
  </VerticalLayout>
</Window>
